S,S
S,S
S_rings,S_fibers,S_rings,S_fibers
S_rings,S_fibers,S_rings,S_fibers
1,0.33031104953103774,0.2900142263491642,0.30068242635045733,0.2683119558330093
S_rings,S_fibers,S_rings,S_fibers
1,0.31566465972530794,0.30776300186356065,0.29616077159132276,0.2819324755242893
2,0.2716178913460505,0.25497931065073803,0.28542487280709405,0.26126730921013014
3,0.2619100447787281,0.2473449598508797,0.28536376101630073,0.26269799545407296
4,0.2484084149125,0.2394210543181445,0.2811889173729079,0.2559134570615632
5,0.2499846825627862,0.23990147029369724,0.28329479577285904,0.2608362584241799
6,0.24795450294627647,0.22846612533460942,0.27434050419500894,0.2502631136349269
7,0.2457549416363009,0.23607515438700735,0.2765184459941728,0.24676402849810464
8,0.24394690059844593,0.2372427607623997,0.2824122239436422,0.24248987111662115
9,0.2493096890366676,0.23372820690346155,0.2727562604205949,0.24587031613503182
10,0.24731319431488807,0.23189288174237294,0.2744017188038145,0.24291459896734782
11,0.2469139493512831,0.2257767328812694,0.27502002418041227,0.2491143853536674
12,0.24197563487302842,0.2337517826943784,0.27066206548895155,0.24545920842460223
13,0.2429304013898934,0.23134732976354458,0.2699964157172612,0.24819110577393855
14,0.24393003528872972,0.22601921570174482,0.272385536134243,0.2594626506524427
15,0.2430639644315229,0.22615155137528783,0.2734128673161779,0.23992156684398652
16,0.24659745104639685,0.23066844922062513,0.2651360289326736,0.239272070143904
17,0.2370580401285965,0.22125905778791224,0.2647118997360979,0.2383003274777106
18,0.2354370017884781,0.23225331775355063,0.2756696473274912,0.23888007740357092
19,0.2409600937257172,0.22477369224760524,0.2665351131132671,0.23977214523724147
20,0.23601194163316924,0.22949145612051589,0.26820451446941923,0.2530515547309603
21,0.24141133887312127,0.22459104432433152,0.26649007541792735,0.2424860197518553
22,0.24496242385285702,0.22112296229681452,0.26297003786478723,0.2471412212720939
23,0.23565067184017433,0.21592956726011392,0.26023637992995124,0.24268739234123912
24,0.23583372148710327,0.23368549107800465,0.27341691851615907,0.23383533858827182
25,0.24229853841904048,0.21531956984830525,0.2646017235304628,0.23724616547780378
26,0.23957193442925984,0.221773370712075,0.2658961262021746,0.23406371218817576
27,0.2282680673848363,0.21924277965310227,0.2662724113890103,0.236545045035226
28,0.23759807653466247,0.2176782033517669,0.261876050063542,0.23946402573159764
29,0.2361131513555998,0.22184646076749306,0.26651828970227925,0.23660070709884168
30,0.23620015237494785,0.22464754449699836,0.2538050992148263,0.23836119707141604
31,0.23202384819913094,0.23463891234076276,0.2645360882793154,0.23597046626465662
32,0.23119342947040747,0.21294036142988323,0.268254360130855,0.24074192068406514
33,0.23571871891330107,0.21193677449462267,0.263988319677966,0.2538719709430422
34,0.24092249360841675,0.22245365433020942,0.2627733786191259,0.24618269886289323
35,0.23756882703672505,0.22103189049166372,0.26332538947463036,0.23487876142774308
36,0.2262115400413979,0.22394018034849847,0.25979124563080924,0.23550430714551893
37,0.23509576571493995,0.22101486884201355,0.2655483266072614,0.24846300057002477
38,0.24335728444763133,0.22933850268757827,0.2633995356304305,0.2322640709845083
39,0.2330010118804383,0.21948515259908893,0.2659698671528271,0.240392422995397
40,0.23758828478890495,0.21768867264548497,0.2667441957763263,0.24027092392955507
41,0.23535529761413349,0.22423114638387237,0.26762969642877577,0.23311345939125333
42,0.24380964132809732,0.22240810107051406,0.2622383417827742,0.2372488629605089
43,0.2341227655273837,0.22282509151558502,0.26207816866891726,0.23760222398809025
44,0.2304681767943283,0.21649912685788736,0.26184449281011307,0.23743314476949828
45,0.23445513932228548,0.22029344401678294,0.2603234024984496,0.23401193278176444
46,0.2362541095083975,0.22086413170869057,0.2566347958786147,0.23969466941697257
47,0.23305495992360428,0.21831992075465706,0.25843140695776257,0.23842521597232139
48,0.21980184351155196,0.21642301585812942,0.27353519946336746,0.23696571945079736
49,0.23690807110985965,0.21621716594050233,0.2614096875701632,0.23110407793096133
50,0.23238402091570803,0.21146291537160003,0.2567418798804283,0.23248624918716296
51,0.22647590760472427,0.21811229898864007,0.2570189306778567,0.23959111528737204
52,0.2331792963201245,0.217581951307514,0.2575993345252105,0.234290568956307
53,0.233812867904722,0.21475855546597117,0.2641837509615081,0.23060111722775867
54,0.2261319868122749,0.21756732110006008,0.25937832657779963,0.23368247534547534
55,0.23656381691112022,0.2186650955298031,0.256796269012349,0.23665388833199227
56,0.22677097099915894,0.22225094495276457,0.2595930608255523,0.234027147931712
57,0.228649121281263,0.21572524487152409,0.25769825960908616,0.23650821702820915
58,0.22817781124566053,0.21251844481698104,0.25282416492700577,0.23075855635106562
59,0.22502875361145694,0.2193116974229403,0.25398432591131753,0.22975101423050676
60,0.22574877620289915,0.20700137617433279,0.25729891466242927,0.23413837520139558
61,0.22590682436945816,0.20708885688953188,0.2550779951470239,0.23028203962104662
62,0.22370498810092915,0.2177905299733159,0.2587728053331375,0.23040924764105253
63,0.22683982085796167,0.21409816492320144,0.25545001136405127,0.2311688876577786
64,0.22747385163852607,0.20824792877587572,0.26656477791922434,0.2376846153821264
65,0.22839668963435303,0.20934622311554704,0.26133930065802163,0.2462663753756455
66,0.22309437696911882,0.21450375212521858,0.2592807441949844,0.22851124496332237
67,0.2363743002753,0.21143339888253843,0.26409766397305895,0.2406339552785669
68,0.23834043134248395,0.20865305074451052,0.262937750348023,0.23126363285950252
69,0.22111469633790978,0.20728565136898439,0.2663439982703754,0.22227316136871064
70,0.2290535975664739,0.2111837207789184,0.258601595887116,0.2377976035433156
71,0.22461165431671162,0.2179014634981061,0.25639275567872183,0.2232787406604205
72,0.23069523236063458,0.2090797982822284,0.260125131053584,0.2216280693454402
73,0.2256949791634405,0.20645379396622937,0.2610238482377359,0.22489515798432486
74,0.22995227484686956,0.19870875667219687,0.25268639836992535,0.2237736351788044
75,0.23225963452262768,0.20945086439488939,0.25163877329656054,0.22412833073841673
76,0.22857477859698208,0.20799755699515457,0.2538692182728222,0.2232808345662696
77,0.22328812834666503,0.2048504335192683,0.260832588161741,0.23344496482584093
78,0.22954873284720545,0.2154740130233949,0.2580019637942314,0.21671702659555844
79,0.22977907482433962,0.20957601745343232,0.26061964631080625,0.21964128400598254
S_rings,S_fibers,S_rings,S_fibers
1,0.3185140560435052,0.28372634186420204,0.2916764709566321,0.2631956432546888
2,0.2533741040896035,0.2511102154951643,0.28901107651846747,0.2590230811919485
3,0.26463138841409023,0.2481265171614393,0.2832419099552291,0.2573932532753263
4,0.25389609928872137,0.24089393447581176,0.27823468574455806,0.25973807999065945
5,0.24711546275951687,0.24148739122113205,0.2846511538539614,0.25514181085995263
6,0.24888149989790437,0.23259075457036035,0.27976210734673906,0.25593381212758165
7,0.24859900440315943,0.23224875627222208,0.28124159808669774,0.2485606644834791
8,0.24660326726734638,0.23247167868647567,0.2750192131314959,0.2540944811488901
9,0.25363979219642385,0.22848775326975523,0.2745580128261021,0.2536478840879032
10,0.2514222424808156,0.23082258933112312,0.27437797061034613,0.243258191964456
11,0.24955941226088862,0.22957021629430613,0.2684453459722655,0.24498748800584247
12,0.24200456098987788,0.22552610931623165,0.2733508173908506,0.25731149113604
13,0.25451944161451,0.23982694921259945,0.2702916577458382,0.2333040602505207
14,0.24120299738173778,0.22364431873510474,0.26468739860824175,0.2383633294808013
15,0.23012072510269388,0.22997279475986038,0.2761475030864988,0.24311827325395174
16,0.23674986888312924,0.21885375251353478,0.2673388266137668,0.2383349631513868
17,0.23395251381322454,0.23060210150555063,0.2737910825226988,0.24002488569489547
18,0.23050549889565894,0.22542528600996525,0.27911310068198614,0.24262350190963064
19,0.2493864778127219,0.22769177088722528,0.26165619088070735,0.23451700317008153
20,0.241840137125615,0.2199581131504482,0.26698131284543447,0.24105293825268745
21,0.2432745069437966,0.21719548323741866,0.26252317811761583,0.24453633398349797
22,0.23652536714715616,0.21680690066234484,0.27494926282337734,0.24065451590078218
23,0.24265051968971044,0.21958963420515354,0.2635478873338018,0.24286638583455766
24,0.23904217887511583,0.2322598098989389,0.27034844032355715,0.24377234445086549
25,0.23949139025853408,0.22300122841351222,0.2639359046305929,0.24097769388130733
26,0.23046281056399512,0.21806217277329054,0.2714475128267493,0.2430749388145549
27,0.23748479234090644,0.22805907875730955,0.26994863035423416,0.23587462806275913
28,0.2363518940493407,0.22777107670097738,0.2711281567811966,0.2385249604870166
29,0.23885042495795428,0.22079908389519023,0.26726703186120304,0.23515708866928306
30,0.2431022201208074,0.2217804756173756,0.26072125967059817,0.24050142051918166
31,0.23640434511552447,0.22006926465146676,0.26803954392671586,0.24206271905984197
32,0.23826861532556043,0.21469597948146948,0.2623030526297433,0.2397143821631159
33,0.23217204827311877,0.22457789236312897,0.26183167153171133,0.23651768948350635
34,0.24304809153770388,0.22015964667381122,0.26280312559434343,0.23788373906697546
35,0.2329463604190405,0.21790667298936706,0.26485877015760967,0.23417759287570203
36,0.23435851950989497,0.21347905915503795,0.26148524965558734,0.23266982138156891
37,0.23824558507751775,0.2173548108002739,0.26598085377897535,0.24494131164891378
38,0.23432190642192327,0.21186591840518143,0.2618103127394404,0.2523203194673572
39,0.2322007582584058,0.2188060024688488,0.2646242654749325,0.23817773259111813
40,0.23312782424297113,0.2164255555855779,0.2727330456886973,0.24001937615019933
41,0.23211396120229744,0.22047269229622538,0.26214566166911807,0.2452459112874099
42,0.23182620831610615,0.21787704974700586,0.2644699441535132,0.23735999017953874
43,0.23369878040029735,0.21737428126015257,0.2636309515152659,0.22957273072430065
44,0.22977659045844465,0.21516012931853878,0.2613002708980015,0.23131903543003968
45,0.22782157127058644,0.21851713935984837,0.2668569820267814,0.23697535757507596
46,0.23828894681653232,0.21305252511313177,0.2584626659750938,0.23105985445103475
47,0.22417683011949294,0.22071099463260543,0.264549820125103,0.23190997700606072
48,0.23059441622447324,0.21144944475064753,0.2632689812353679,0.23054886694465365
49,0.23011634886466167,0.21553667955474504,0.2627089764390673,0.23260852673224042
50,0.2319343676790595,0.21613612394190204,0.26684647755963464,0.23667215630412103
51,0.2301350162799639,0.21864541326235964,0.2591088825038501,0.23390039727091788
52,0.23390911144121734,0.21595755251822094,0.25915853657892773,0.2280229063970702
53,0.2284239958899822,0.21544414045267585,0.26785403426204407,0.23632709958723613
54,0.24635718424865638,0.2160836363096207,0.2598179448928152,0.24676967305796488
55,0.2388353034796402,0.214287824468493,0.2678768679499626,0.24405565549220357
56,0.2343589370228839,0.21733323901057475,0.2571845156805856,0.24014321310179573
57,0.2207866994912186,0.21434528812492792,0.2533273471253259,0.24056409831557954
58,0.22233323435727004,0.2216501306332504,0.2626828919563975,0.2358052763555731
59,0.22611092776060104,0.21924223683227903,0.26088949888944624,0.22872279456683567
60,0.2341844366295227,0.21696449988467698,0.2572516256145069,0.2299087413187538
61,0.22780956442982073,0.22038585568587638,0.2628174495484148,0.22862199108515466
62,0.2289318629472182,0.20851527455777044,0.2651288228375571,0.23365707650248493
63,0.22632782307946084,0.21262687605780525,0.2530258474605424,0.2311706946364471
64,0.2303673220244614,0.2163279636989574,0.25463420919009616,0.2324884785073144
65,0.2267773248341553,0.21080314356143295,0.25479979749236786,0.2245210573609386
66,0.22354452355142726,0.2106819112594581,0.2614608501749379,0.22931766680308752
67,0.23368520584518385,0.2147088422831939,0.2538774935262544,0.23084520686950002
68,0.2234612020689088,0.21030536166690722,0.25395881022725786,0.2301640473306179
69,0.23003132947681032,0.21502046593425356,0.25846793353557584,0.2259886058313506
70,0.22948480994372294,0.2091413498730273,0.2612260490655899,0.22720075394692166
71,0.23226968451442637,0.21362430638270488,0.2501513625894274,0.22521899150950567
72,0.23472052063203228,0.20409764573121852,0.2601089147584779,0.22623651982950313
73,0.22681234758275357,0.21672173104029593,0.2584297748548644,0.22650136394160134
74,0.22223981567676462,0.20848501247127313,0.25247877814940045,0.22770631238818168
75,0.22797075073633874,0.2131737225102872,0.25139854976109094,0.2262795515358448
76,0.22599225856622673,0.20926117498614613,0.2582597020481314,0.22896207320903028
77,0.2235512735185476,0.20544146595371737,0.26026048191956114,0.22774437474352974
78,0.22185307603084903,0.20568121327482825,0.2513594490076814,0.23178939891180822
79,0.2166963573760968,0.20959043898709606,0.2567689904144832,0.22894167926694667
80,0.21976568990002268,0.21309576777050912,0.25982500570161005,0.22606608617518628
81,0.21995394453981668,0.20811521922486284,0.26224368746791565,0.22899377686636788
82,0.2231473675048029,0.20723537438365713,0.25452208284820826,0.22979919218591283
83,0.2281020484634578,0.2153637180730528,0.25186150393315726,0.2208237011517797
84,0.21762319678678016,0.19932066651356037,0.2544510575277465,0.2228785034801279
85,0.22535664711909864,0.20352707389008584,0.26080998395170485,0.2272651962004602
86,0.22338861032140991,0.2083891047358973,0.26192320638469285,0.22335519370223794
87,0.22134032471529766,0.20264830310472995,0.2602680176496506,0.21451223471335001
88,0.23211353600140244,0.2095426697981576,0.2551753723195621,0.22823208985584123
89,0.226887605494629,0.20236869614470648,0.2519674870584692,0.22049174079937595
90,0.2249769759885823,0.19961410984900352,0.2581796652504376,0.2195258646139077
91,0.22198805351054807,0.20164685240321034,0.25452390483447485,0.24351041769342763
92,0.22945119128436656,0.20393661265782867,0.25807689343179974,0.214659287620868
93,0.23251369462481566,0.20586018979865842,0.249815200482096,0.22925153193729264
94,0.22639658586859243,0.19840268911901704,0.2570575548069818,0.2157605271254267
95,0.2175249958187917,0.1958652912894386,0.246794714565788,0.2092289407338415
96,0.22591197351173545,0.20697294904681418,0.24685302610908236,0.22022274216370924
97,0.21706006327881316,0.20173556878839163,0.2506752867783819,0.2100433688078608
98,0.22388278275843293,0.20136435428619903,0.25485772128616063,0.21818464656493494
99,0.21409475357491078,0.19642882266991618,0.2519902071782521,0.21601133144327572
100,0.22957459247480488,0.19926531668428807,0.25177268609404563,0.21775672776358468
101,0.22736510123813014,0.19941802447999765,0.24726751361574445,0.22126598464591163
102,0.22212207853851632,0.19923217357298123,0.2526233455432313,0.2240391954779625
103,0.22480980191796904,0.19529933373814154,0.249545399418899,0.21412397766751903
104,0.2222298182849143,0.1968421952719854,0.25203493322644915,0.2257755191198417
105,0.22609421412341843,0.1956112198567586,0.2511580411876951,0.2241897156195981
106,0.2164975607257092,0.19236936934766968,0.24943483173847197,0.21958900125963346
107,0.22050833195793124,0.2004235551879529,0.2468809953757695,0.21309665281857762
108,0.21825889180123115,0.19797956604424247,0.24442439866917473,0.2187211473073278
109,0.217446313667539,0.19587653710301894,0.2490564971097878,0.2271208771637508
110,0.21780167064093714,0.1951087526239915,0.2512492188385555,0.22148651517927648
111,0.2198905009905804,0.18994888540673785,0.25201822902475085,0.2229162077818598
112,0.22307612463601767,0.201678420614782,0.24413513179336274,0.21888893214719637
113,0.22284059535035985,0.19667127323660524,0.24424598280872617,0.21898606164114817
114,0.21856398604321203,0.1982980237978881,0.2466060574565615,0.21155020211424147
115,0.21116671023681818,0.19539210363920476,0.2536309660545417,0.2134514498923506
116,0.2161316222665853,0.19683917309786822,0.2385332675916808,0.21184099577367305
117,0.2246244642236288,0.19144411565570527,0.24979524676288878,0.20791604625327245
118,0.21478953308868132,0.1946258868277792,0.24779395652668817,0.22778040702853883
119,0.21850983010295735,0.19191446273253232,0.2528456182352134,0.21977110973426273
120,0.22322385699908937,0.1971111380815161,0.25531190633773804,0.20646946589861598
121,0.21694492771646232,0.19829747974728756,0.24912745590720858,0.21678662693926265
122,0.21685422585852818,0.19100758242223081,0.24471491553953717,0.21253627794129507
123,0.21713772946141632,0.1923346185992008,0.2482929242508752,0.20927365935806716
124,0.21712479201005233,0.19736470963129896,0.24510053587811334,0.21580058825867518
125,0.21669229518435176,0.1893063751354986,0.24652273910386222,0.22734300334538732
126,0.20975158959051818,0.19068178135369504,0.24786804361002787,0.20984369362039226
127,0.22342514344509043,0.19650507409082416,0.24664384296962194,0.2088951576501131
128,0.21405606708960415,0.18967313902689914,0.25283230245113375,0.211581416534526
129,0.21468487066939532,0.19678515759674278,0.2501548244484833,0.20866566992231778
130,0.22202369913056091,0.2008626870199693,0.24875136805432183,0.21368832013436725
131,0.22017118465119404,0.19267143228569547,0.2509799469794546,0.20894052407571248
132,0.21273813488745782,0.190548502991127,0.24707675576210023,0.2119318991367306
133,0.22420021480948998,0.19829921382317556,0.2492067063493388,0.2144547041505575
134,0.22014526858868286,0.19282045910803738,0.2507594043655055,0.21431081545140063
135,0.2193619794496353,0.18289767605932178,0.2492111099617822,0.2102873481810093
136,0.21201738141275742,0.19219520782447747,0.25291493449892316,0.22218441425689628
137,0.21754902841444182,0.190432207252557,0.24975275908197675,0.2228220977953502
138,0.21655088844331535,0.19149064534958668,0.24029457164662224,0.2100580117532185
139,0.21379583419577494,0.18939675670296932,0.24899448922702244,0.2088424668780395
140,0.21627667393808658,0.18978797091336555,0.24355923597301757,0.21437853212867464
141,0.21433094402767977,0.1895053167162197,0.25281495164547646,0.20995882542005606
142,0.21461288922944585,0.19207009209255224,0.2559067049196788,0.21166323753339902
143,0.21886544866652793,0.19052957005539917,0.24352866198335374,0.20961870636258806
144,0.2165914911445964,0.18271066242303974,0.24027321551527295,0.20818629754441126
145,0.21895395180490948,0.19473829575271334,0.24332661341343606,0.21199190286653383
146,0.21994604866477052,0.1833247489342646,0.24556112161704471,0.2105419755514179
147,0.2138125792462163,0.19249415598112127,0.24996495140450342,0.21156920620373318
148,0.21627133904190368,0.1937829619884836,0.24810339404003962,0.21261565573513508
149,0.21410262121182497,0.19475564305961823,0.24825247909341538,0.21640239922063692
150,0.22107259604116203,0.1906804540284467,0.24435521619660514,0.20229361185005734
151,0.21691017262781448,0.19119923300034292,0.24340472987719944,0.21172816678881645
152,0.21373761353230383,0.1913154199791346,0.2516158934150423,0.20589196394596782
153,0.21535192727754934,0.18751884442592276,0.24272941446730067,0.20095069711761815
154,0.21881353669228126,0.19845598487320093,0.23571067707879204,0.20278132355638911
155,0.21372320372107867,0.17908680851078632,0.2531146916959967,0.20639925066913878
156,0.21939146417304586,0.19640528326530485,0.24732399987322942,0.2023482163835849
157,0.2081182405179992,0.18629962383161755,0.24160093026501792,0.20360776760748456
158,0.21618581337415574,0.17865950377607667,0.24500309867518288,0.2094029387725251
159,0.22390085254511777,0.19758844706068052,0.24155188969203403,0.21378934468541827
160,0.2108681157562148,0.1942713934223394,0.25227071323565076,0.2044841504123594
161,0.2143179498986848,0.18632818331301904,0.2482660853437015,0.19964811099427088
162,0.2122175472871217,0.18856523630054647,0.24387082968439375,0.21251013124627727
163,0.20620751917419747,0.1871843593029672,0.24257652583931175,0.21743099157299314
164,0.20853687522206527,0.1808494301476879,0.23948988233293805,0.2042082954464214
165,0.21174651020454624,0.18337915264363094,0.23347592119659696,0.20681073580469403
166,0.21696436607987263,0.18586857047500124,0.23464520999363492,0.19447099837873663
167,0.21540186255019603,0.18876209623147966,0.24579091114657267,0.20170483514666557
168,0.2179762450798368,0.19223416618226116,0.24206944704055786,0.21522013087357794
169,0.2166226995986631,0.18590401252551889,0.23873504400253295,0.20329867899417878
170,0.2100409439488037,0.19340175597363918,0.2437605318214212,0.21644882301666907
171,0.2158436438708807,0.18300294330609695,0.2369201300399644,0.20311835706233977
172,0.19991480275758444,0.18177835121894664,0.2336556951914515,0.203454562915223
173,0.20540160736838592,0.18482200899179377,0.24263846980673925,0.20381387341767548
174,0.2109413530001539,0.18361113980793642,0.25162129934344973,0.2110246435872146
175,0.2141385146751137,0.18329388027269983,0.2370177760720253,0.20604890808463097
176,0.2071070008583971,0.18336325847187787,0.2415456888931138,0.2021134144493512
177,0.214853647736739,0.18708048894836002,0.23682511619159152,0.20317488722503185
178,0.21276312230809316,0.18619830367914095,0.2404281283063548,0.2098750223339136
179,0.20690479251811403,0.18613572749507012,0.23772741556167604,0.21348693897681578
180,0.20885459583928687,0.183415277382812,0.24171754462378367,0.19625489094427653
181,0.21600800569251927,0.19762810667379827,0.23403142073324748,0.20387903239045824
182,0.21404632107574048,0.18875915561101497,0.24352636805602482,0.21803446566419943
183,0.2174873170532775,0.18238741426969587,0.24586633358682905,0.20779895239642687
184,0.2171252334929111,0.1854855178236875,0.24251463604824883,0.2118002663765635
185,0.20651391430481061,0.18915402530746456,0.24408178733927863,0.20670282301892126
186,0.2092948068853856,0.1893112243127984,0.24136667805058615,0.20793176559465273
187,0.21229574744478155,0.18741753800595934,0.24487815754754202,0.21075919922441244
188,0.20878809624312006,0.17873361885806538,0.24075754540307182,0.20619592389890126
189,0.21471368252483114,0.17700279618947834,0.2390355965920857,0.2186863912003381
190,0.2147698618730523,0.18933244013590703,0.24610280096530915,0.20348022085215364
191,0.21097254360806642,0.18008895394928093,0.23723848398242678,0.2035434159849371
192,0.21426950233294467,0.18186574940961645,0.23669787624052593,0.2086007794631379
193,0.21717932016290292,0.1920873917024367,0.24051111872707095,0.2100721758391176
194,0.20914176950756186,0.18545092265463245,0.24757888913154602,0.20713022276759147
195,0.21364576813969832,0.18459277833060408,0.23177340243543898,0.215174735976117
196,0.2139390143691688,0.19174798761771336,0.23556324445775578,0.19754824976303748
197,0.21020374642001846,0.17451438442246564,0.2470660255423614,0.20386113758598054
198,0.20302348779550392,0.18004563441464108,0.23977883607149125,0.19997704518692835
199,0.20281937878046716,0.18252830604328613,0.23501066938042642,0.20272677628589528
200,0.2134472186673562,0.18681614478586178,0.2366588477577482,0.19839544626218933
201,0.21235258060302514,0.17564946181827645,0.23596871069499425,0.19235716041709697
202,0.20708810441685,0.17780289850755088,0.2334798915045602,0.2078805090061256
203,0.21341765781282,0.18260571796403888,0.2363352173141071,0.20320155556712832
204,0.20861557856719926,0.19087494330833088,0.24187857721533093,0.2031014106103352
205,0.2084508875967453,0.1779632235896993,0.24070527191673005,0.2084372738642352
206,0.20640900632560713,0.17691900751474368,0.2298797254051481,0.19883963268782412
207,0.2119626807602676,0.18337106173606338,0.23511017731257847,0.19925274646707944
208,0.20853248680132697,0.18495709595043916,0.2390006674187524,0.2043191749070372
209,0.2081520629536116,0.1808505576161459,0.2438309663108417,0.20225769132375718
210,0.21194658170968408,0.18246781126178915,0.23836986273527144,0.20258062300937515
211,0.2063357159063853,0.17739844459925264,0.23976685585720198,0.2017318770422467
212,0.2096510320240236,0.1802637979611179,0.24350969237940653,0.2010424132858004
213,0.20819203623185747,0.18432748553605613,0.23974448953356062,0.19649747736485942
214,0.20703749957001807,0.19231184382300867,0.23417153890643802,0.19823223570627826
215,0.20479535625736917,0.18641064522615328,0.23408259940998896,0.2059599824781929
216,0.20600687683664234,0.17640081592421963,0.23468983003071375,0.19500274136662482
217,0.20936362568332192,0.18129061799295046,0.24129879815237862,0.2076851257256099
218,0.20555103584606216,0.18296123632053668,0.23653542080095835,0.20321046694048814
219,0.20714572642329346,0.1770811932643293,0.23932265298707145,0.20191223483000484
220,0.2001931211663029,0.17475382527012853,0.242119143477508,0.19810606720192092
221,0.20341211339480397,0.18215593835428845,0.23588082300765173,0.20746272504329683
222,0.2127616300416614,0.18020091390301937,0.24400558365242822,0.20836479967193944
223,0.20247033969085648,0.17567100678480674,0.24605241886207035,0.20979669796569006
224,0.20776748440037823,0.17924334101637818,0.23908716163464955,0.2021528557475124
225,0.2124706618128251,0.17906638440535796,0.24038399010896683,0.20360800568014384
226,0.20868500645729104,0.17588651347114312,0.23928861320018768,0.1978239634207317
227,0.20553135752505317,0.18284554436846015,0.23476843961647578,0.19629369119980505
228,0.20476457896610023,0.18106945670069588,0.23621864765882492,0.19807407137538705
229,0.20594767814423012,0.1723248850388819,0.2424989476799965,0.1995413139462471
230,0.21264648572703587,0.1821187267540217,0.23730152808129787,0.20862770995923452
231,0.20899764795762463,0.18256401624818222,0.2448467861328806,0.21241439272250448
232,0.20808428459042058,0.1800424735741438,0.24113313726016453,0.20831457599997522
233,0.20591864588177802,0.17722304346413859,0.25397827710424153,0.19825539652790342
234,0.20907195204415838,0.17588237146253635,0.23596473783254623,0.200298094909106
235,0.20483194582854689,0.1760737221889399,0.24218457213469913,0.19679287437881743
236,0.2040534172724918,0.17396180740554015,0.24246669528739792,0.2014267356001905
237,0.20749001214316684,0.17871210161366402,0.23060772610562189,0.20746750640017644
238,0.20267583342074888,0.16810492974522606,0.24037977755069734,0.2031784103917224
239,0.20197172987932865,0.17377160017605167,0.23920783741133553,0.20321862670992102
240,0.2054391440802387,0.1808992528058157,0.24223317546503884,0.20518899522721767
241,0.19633929076169448,0.1777748282509766,0.22811203194516047,0.1978244049208505
242,0.20562743313581788,0.18080340316483182,0.23651605525187083,0.1951293599924871
243,0.21218536394328225,0.18126561314867212,0.23765713168042046,0.19686713271907397
244,0.20897599137082523,0.17233500378673833,0.24653705177562577,0.20630605603967395
245,0.20803420058663746,0.17802024005038455,0.23615077542407173,0.19935991040297918
246,0.20531456625542124,0.17731028018540856,0.24702679621321813,0.201284593130861
247,0.20961808772851143,0.18209026309456605,0.24102089447634562,0.2014956663229636
248,0.20824448219194835,0.17746057956925373,0.2413949154317379,0.19355533546768128
249,0.2003838068241088,0.17086710012607764,0.23818460298436028,0.21102991511246988
250,0.20301731135048923,0.17553099659792934,0.24046792558261326,0.19902411944099835
251,0.20238887279880552,0.17846596882854765,0.24146263556821004,0.20084940227014678
252,0.20345812742544417,0.17684239819717798,0.23747816788298742,0.21150575652718545
253,0.2130750274019582,0.17872166016919389,0.22912498499665943,0.203302044128733
254,0.20843699548580472,0.17561789144290804,0.23235400521329472,0.20081160059198738
255,0.20298222263980095,0.17914198576850263,0.23472967935459954,0.20266363325395753
256,0.20840323487706627,0.18394895529726873,0.2347566833453519,0.2026555840990373
257,0.20741171854400728,0.18082445612695053,0.23433228880167006,0.20077633668801614
258,0.20794050354496163,0.17512131321089322,0.2343732448560851,0.20589338706008026
259,0.20493105186947755,0.1731705637392498,0.23793355162654603,0.19943321943283082
260,0.20536689299183922,0.1768353137989532,0.2413330881723336,0.19946925323456527
261,0.20817651928305395,0.18223735953691958,0.2381915140364851,0.2016310096851417
262,0.20166744344281645,0.17639507014622632,0.23813663572072982,0.19722655628408706
263,0.2039312208610727,0.1738894867196564,0.22535073278205736,0.20146677696279117
264,0.20229467575556984,0.17312132589101906,0.24069721890347345,0.20167397015861102
265,0.20863982159140948,0.18093530370576963,0.23215490515742984,0.1983667611011437
266,0.19740805439794845,0.17182228879456526,0.2345168241432735,0.18520757343087876
267,0.2124434544715642,0.17086558511415964,0.23748255872300694,0.1956864694399493
268,0.20615673549904787,0.1737128184033148,0.23909965636474745,0.19395239488886937
269,0.20545949331668123,0.17854979389947642,0.2347386217543057,0.2022667257381337
270,0.21043266388353923,0.1777648674072446,0.2428215599485806,0.2015434155506747
271,0.21018719616342466,0.1745497545058404,0.2362937297139849,0.1997815687741552
272,0.1991640949139954,0.17155374550084407,0.23846349130783762,0.19855855384043286
273,0.20015365212551645,0.1744727456194266,0.23628993332386017,0.19608045944145747
274,0.20258704814556483,0.1739123802322851,0.2414729852761541,0.20281410557883126
275,0.20736298036247378,0.17661742201977515,0.23048135968191283,0.19368424990347455
276,0.19396389824514454,0.17686756724369457,0.2406498038343021,0.1944566735997796
277,0.2028361546472578,0.16939199760441154,0.23964357652834484,0.19804733970335553
278,0.20464755406308358,0.177107713045013,0.24312239715031214,0.19671408891943948
279,0.2066450054940685,0.17667850872508922,0.23863597299371447,0.19926345236599446
280,0.19983686675393098,0.1803781096383023,0.23145581505128315,0.1954433681975518
281,0.20596492479638012,0.16826658022075777,0.23558319551604134,0.19430959703666822
282,0.2010406053923502,0.16855375707494707,0.24082335595573698,0.20245024029697692
283,0.19922449709452028,0.1745591515164578,0.24796562343835832,0.2108940570482186
284,0.19895928728476914,0.16528512142296578,0.23246135115623473,0.20173539574856736
285,0.20808335989138335,0.17884230227335482,0.2328771080289568,0.19738760739564895
286,0.19425884593263787,0.1691300034033976,0.23311137312224933,0.20611751521272317
287,0.2092595696467259,0.17168679069835535,0.23524988442659378,0.1998927338847092
288,0.20170458578810269,0.17273866141873007,0.2497179565685136,0.20385486921295523
289,0.20008407222488211,0.17106011724387185,0.23975038368787085,0.19772601638521467
290,0.20233416028004356,0.1658539581328314,0.2315117107970374,0.20585998903427805
291,0.1998194885659517,0.1718977971998507,0.22901516801544597,0.1991410623703684
292,0.19816204801949755,0.17104286980423286,0.23250215947628022,0.19641828600849423
293,0.19813079778896106,0.17571831761560902,0.23662745910031455,0.19937138110399247
294,0.19827439205210412,0.17409063687432974,0.22999419633831297,0.19167732317000627
295,0.20324453783426505,0.16628865276294325,0.2349417671561241,0.20000332508768354
296,0.20716528119842978,0.17233844289131836,0.23494718649557658,0.1995178557932377
297,0.20012161214782004,0.16693051184372956,0.23341778953160558,0.19924555569887162
298,0.20522787744848195,0.16662542706959554,0.23287988645689828,0.20128829394068037
299,0.20401438450059606,0.17753534181165764,0.24558766590697426,0.20260736388819559
300,0.2086199739207172,0.17176375991276477,0.2366971964282649,0.20032598046319824
301,0.19566152441858325,0.17322924578900387,0.24437687726957458,0.19511609311614717
302,0.2022066674551218,0.1733522861404884,0.23858577279107912,0.19562585800886154
303,0.20032479150875196,0.1686893759734037,0.23005077860185077,0.2035678492592914
304,0.19995966808273524,0.17866178773142197,0.23934356846979687,0.19259494447282383
305,0.20148173390984767,0.17342762676747264,0.22553907377379281,0.1939794826720442
306,0.20843671831845317,0.1754501255941092,0.22835478867803302,0.20204734238130706
307,0.2013734689622427,0.16979179839499323,0.2374490874154227,0.19851283675857953
308,0.20238701768334538,0.16983558126081602,0.23650576940604617,0.19852642411632196
309,0.19805140367845742,0.17482641311074718,0.2358689499752862,0.20062322999749865
310,0.2020659635354078,0.16820601426949544,0.22957644994769777,0.1963606843990939
311,0.19872732082935604,0.1650813329986451,0.23329364763838903,0.19626010752149992
312,0.1946739603812055,0.1712518536726653,0.2452498504093715,0.1922449845022389
313,0.20679189447442997,0.17251093930144107,0.2394625136894839,0.19439444816006082
314,0.20188997915323867,0.1728500932469446,0.23779364675283432,0.20931065127785717
315,0.20721987607568848,0.17426638000080197,0.23427837459104403,0.18976609475378478
316,0.20447379279824182,0.17696691621778152,0.23446619191340037,0.19764794941459382
317,0.19834445645263182,0.1658334397750414,0.2277943445103509,0.2000000729624714
318,0.20489335358574354,0.18168451547403333,0.22701681554317474,0.19280661695769855
319,0.19479784138615758,0.16059559533412077,0.2375063500234059,0.19973873605153392
320,0.19620617586961123,0.17131408471991685,0.2308961709695203,0.19593412258795329
321,0.20069405185526173,0.1715087229673639,0.23411029939140593,0.19297109405909266
322,0.2023268444859153,0.17585322965281697,0.2350344638207129,0.19440021770341057
323,0.20053978876343795,0.1664285625234016,0.24199700142656053,0.20153693700475353
324,0.20301051401896367,0.1704192456400964,0.2318121892533132,0.1963094941207341
325,0.2027678756424474,0.18095922233126913,0.22892516532114573,0.1951947764360479
326,0.19948497389058464,0.18390614387820184,0.23084507840020316,0.19117239000541822
327,0.20269590219245454,0.16386310534702764,0.23860659365143094,0.2016298445207732
328,0.1972310934107909,0.17185145291827014,0.23240246772766113,0.19287093515907014
329,0.20430495555451478,0.17119806520658828,0.23233550765684674,0.18712692303316933
330,0.20810420263170276,0.17551006515542744,0.2316671948347773,0.19446060375443527
331,0.19031727633665543,0.1727063197455581,0.23319802433252335,0.19300974635407328
332,0.19282084298553845,0.16797369395285613,0.23231711387634277,0.1965764243155718
333,0.20875986233267316,0.17669892319007038,0.2347494289278984,0.21112384431596312
334,0.20783072334271946,0.17138685835039955,0.2243073148386819,0.20860506051353045
335,0.19719286546341241,0.17516705402421215,0.22406289811645236,0.19602517070514816
336,0.20103094062289675,0.17053040532884278,0.2265017860702106,0.186688476481608
337,0.2009497111713564,0.17126987918556943,0.23038636765309742,0.18607323212282997
338,0.2021580813128976,0.18115318383532486,0.22486275477068765,0.2049411023833922
339,0.19559017693242742,0.16352149021980789,0.22826429924794606,0.19274554683693818
340,0.1978928245115004,0.17118524240543814,0.2222402361886842,0.19055774956941604
341,0.19869926259007922,0.17018305082197757,0.24179949845586504,0.19291871445519584
342,0.1967915032763739,0.16507646936606832,0.23279950746468137,0.20295972049768482
343,0.20929370658709506,0.16798096695176817,0.2283589156610625,0.20199861620286746
344,0.19813296713050038,0.16968296360472598,0.2232255260859217,0.18572401931243285
345,0.19193102521138647,0.16507269212217376,0.22608455227954047,0.19813382758625916
346,0.19703270995478833,0.16831033752015773,0.22600428318338736,0.1979370908911473
347,0.20575543913026573,0.17246795155676117,0.22212788271052497,0.18830686839563507
348,0.20030587811641481,0.1750366420963326,0.23098309061356953,0.20258553794452122
349,0.19878220888983789,0.1649967156544788,0.23455106765031813,0.18997621866209166
350,0.19731564498344673,0.165963652691153,0.2339392500264304,0.20420739693301065
351,0.1967759027099057,0.16786485268198614,0.23083959934966905,0.20038607749156653
352,0.20141380371231024,0.15974191150674777,0.23467865543706076,0.2087353602051735
353,0.2036810231657562,0.16563632121398636,0.231967941565173,0.19998532400599547
354,0.19675379291780898,0.16476019541643072,0.2358701715511935,0.20591311270504126
355,0.2016547024825365,0.1724831711727421,0.23314954116940498,0.19974825757422618
356,0.195714845940557,0.1692010298871137,0.2291559698326247,0.19191220714045423
357,0.19975118085914598,0.16845610163724734,0.23553594840424402,0.19789604933134147
358,0.19480332657407148,0.17115083383935645,0.22842888683080673,0.19853455017187766
359,0.19633913664398966,0.16567394185926348,0.22486752846411295,0.19128486434263842
360,0.1980331909400501,0.17403139554424404,0.2287027114203998,0.18506478989230735
361,0.19938840694063878,0.1705033087196785,0.22022420891693661,0.19154214332146305
362,0.19989392182944363,0.16694762811611288,0.2249624244336571,0.1926464200818113
363,0.19777546520255018,0.1781749786147452,0.22212287400450026,0.18923676806901182
364,0.19472299877223362,0.17030877722103624,0.2245129343654428,0.19499068994607244
365,0.20427765604468157,0.17143787781040015,0.22642706590039388,0.19467218901429859
366,0.19424714464118928,0.17193785064285586,0.2263430614556585,0.18852525896259717
367,0.19449046229706307,0.16214079572729279,0.23715938489351954,0.20702766414199555
368,0.19647188186933176,0.1721976721703352,0.22429012017590658,0.18723782104040895
369,0.19486717702856857,0.16736330795299592,0.22815761587449482,0.20671719767685448
370,0.20062115637434497,0.16703669881469724,0.2298457077571324,0.19917495490184853
371,0.19500026775660662,0.17185026969631206,0.23450094440153668,0.19922775913562094
372,0.20842932487575475,0.17089165536089868,0.23136139107601983,0.19444148567106043
373,0.1962205236310204,0.16903149681597315,0.23315107290233886,0.19154282297406877
374,0.2025993871844183,0.1688318115485559,0.23392402614865984,0.19639487330402647
375,0.18708261174714358,0.16348474798903848,0.2250872554523604,0.19787479937076569
376,0.1999377990033636,0.16330439718907636,0.23552658813340324,0.20109489107770578
377,0.19862313168375073,0.1658796031103545,0.22743017034871238,0.19293616163943494
378,0.20534692816867792,0.17521679579751373,0.23504520186356137,0.19991982504725456
379,0.19397980415237112,0.17347427206581395,0.23256084408078875,0.19411139791565282
380,0.1979469519439351,0.166551772188611,0.2273958314742361,0.19860345024083342
381,0.20063360526611215,0.16950503778446135,0.23515518499272212,0.19972109438053198
382,0.19768686145975553,0.16986403161206762,0.23619300584707942,0.20457826746361596
383,0.19544996125587624,0.16702617130253075,0.22962730399199893,0.19674801613603318
384,0.2012796626214125,0.17080572643766762,0.2284802211182458,0.19480063446930476
385,0.20160292130697188,0.17165405219276958,0.22598116184983935,0.19411354836608682
386,0.19557274277519765,0.16140488880546225,0.22574694635612624,0.19200811151947295
387,0.19185194932643512,0.1741209842559511,0.220727644434997,0.19743161520787647
388,0.19628206291685463,0.16451918397774798,0.22960934745413916,0.20129704560552325
389,0.1948534473740859,0.16161397257037677,0.23859882972070148,0.2000625047300543
390,0.197320249996015,0.1647933912697216,0.22406621405056545,0.20259576977363655
391,0.19268686736441257,0.16540452638734493,0.22801360211202076,0.20088175934340272
392,0.19763310440603832,0.16529659057596993,0.23133305705019405,0.19886365733109415
393,0.20073532966652374,0.16315362767521363,0.2308535499232156,0.19640245788863728
394,0.1971394591047842,0.1649445454580134,0.22901240587234498,0.20529352046017135
395,0.1993435418240467,0.16890955920615253,0.22949070887906212,0.19955928821914962
396,0.19438636986517194,0.1645504882142063,0.22584107688495092,0.2063195220061711
397,0.19623220478936051,0.16853890459064005,0.23551776451723916,0.1948013138657968
398,0.1975784955769202,0.16587381513652655,0.23370914523090636,0.2045751554625375
399,0.20140665750878659,0.17840991237894793,0.22838648642812456,0.19571273374770368
400,0.19854369890088625,0.1672602866337595,0.22744201804910388,0.19742232297680207
401,0.19229388261451225,0.169443870936862,0.23545719598020826,0.20519032063228743
402,0.1918498411357518,0.15809642736400878,0.23023779370955058,0.2025848100227969
403,0.20011426867291504,0.16413726935542503,0.22610475133572305,0.18875469267368317
404,0.20053524281613846,0.15876986074861874,0.2274115685905729,0.20110208796603338
405,0.18805930129176862,0.16940534328160858,0.23256161553519114,0.19178787411323617
406,0.1913831018587452,0.16023005642586577,0.22957764118909835,0.1961954191327095
407,0.19406218404079784,0.16648564469536703,0.22957156811441695,0.19636558088074837
408,0.1966683316012147,0.1672804842282331,0.2308534494468144,0.19553375004657678
409,0.20113704390248507,0.16080119081280234,0.23162908575364521,0.19636282452515194
410,0.1934568439484448,0.1685858124572223,0.23963777252605983,0.1941783229221723
411,0.19000699292710158,0.16519146633036003,0.23076503021376474,0.19612781549138683
412,0.18871535268400053,0.1607343930351947,0.23487966539604324,0.18391658206071174
413,0.19807814757796327,0.16855070768032065,0.24011202518429076,0.19425382135169847
414,0.19988443766824873,0.16664213237431777,0.23584062201636177,0.1984176060983113
415,0.19654234953972594,0.1671088073136551,0.23290753151689256,0.18813879830496652
416,0.19740219963139147,0.16361465842937728,0.23333558759519032,0.19025128153817994
417,0.19178394959613854,0.16026584975804387,0.22159277413572584,0.19374711428369795
418,0.1959255122468163,0.17209279896784935,0.23350490289075035,0.19432842060923577
419,0.19287100959295933,0.16733816276577707,0.2299806706607342,0.18960811272263528
420,0.18997322973654998,0.166905026138548,0.22863369456359317,0.19348177132861955
421,0.19499480225951285,0.16237172475947664,0.22448477447032927,0.19406197464891842
422,0.19904885191873117,0.16416335403631552,0.22572307278003012,0.18759493487221854
423,0.19240516243667907,0.15846051940241376,0.22863514636244092,0.19125786748315607
424,0.1934118528551922,0.16053405223085282,0.22917938679456712,0.1885590286659343
425,0.1969954155773845,0.16584876538829654,0.22605597845145634,0.1930780080812318
426,0.19509433391126427,0.16207760095085705,0.22509819780077253,0.19600755753261703
427,0.19003506476584547,0.17082303516300662,0.2228751472064427,0.19748054687931602
428,0.19509406939048218,0.1621069187391909,0.22477323519332068,0.19870716705918312
429,0.19627648012345822,0.16963093906720114,0.22931316643953323,0.19844024021710668
430,0.18846387941476575,0.16258450484615264,0.23029111527970858,0.2053427728159087
431,0.1856227579983275,0.15553644463837032,0.2239540900502886,0.18688048028520177
432,0.1945793322578763,0.16754998253392323,0.23702799252101353,0.19645141309925487
433,0.1963983359656739,0.17016061298184199,0.2275657709155764,0.19505420997738837
434,0.19058530347989908,0.1722774675159093,0.22948022607181753,0.19595610962382384
435,0.19551453414340736,0.17006091231616882,0.22885142064520292,0.19432811864784785
436,0.1909964938493424,0.16463960551487777,0.22829612397721835,0.19004727355869752
437,0.19950342490463643,0.15866841390750525,0.22771611916167395,0.19848219613943782
438,0.19628301988496052,0.16547794740208385,0.22451533249446323,0.1893167359488351
439,0.18969673106741722,0.1633258530668713,0.22290172725915908,0.20182945994394166
440,0.19603929700308326,0.16097996141725582,0.2159132237945284,0.20504850479108946
441,0.1957286149551049,0.16460428444549988,0.2316288805433682,0.20406029003539256
442,0.19241726511736978,0.16980452457097678,0.2313945574419839,0.19842876249126026
443,0.19478738289254513,0.1576628916030282,0.22968907856515475,0.1998607182076999
444,0.19405772437747842,0.16729157843939874,0.22985191302640098,0.1964679960693632
445,0.1887594550402123,0.1639144513324536,0.23051350499902454,0.1996869548623051
446,0.19145602901901287,0.16106076302495875,0.228011006968362,0.20311472277556147
447,0.1922614229087894,0.1668097388473947,0.22922180614301135,0.19768568825508867
448,0.1992017920578481,0.16647785288573003,0.23341858280556543,0.19643677920103073
449,0.19649121964990401,0.16873712656465736,0.22428234964609145,0.194775151727455
450,0.19647224320990525,0.16780169432601644,0.22535314900534495,0.19948086560304676
451,0.19669233120143645,0.15942740231000865,0.2263354412146977,0.20765710473060608
452,0.19684075060728434,0.16709814987299984,0.22480191460677557,0.19589691928454808
453,0.1939644841297483,0.1639206310326025,0.22526737483484405,0.19491667758141246
454,0.18563096597790718,0.1659279991279295,0.22648063280752728,0.19485806552693247
455,0.19362366211000095,0.16465915025762035,0.22387875212090355,0.18457559908607177
456,0.19289935418336318,0.16446690263521488,0.22559924615280968,0.19882065896610066
457,0.1923932463009788,0.1693035146908324,0.23015172949859075,0.19376435110212437
458,0.19540064503046825,0.16541931944679913,0.22270265828285898,0.19469544802393232
459,0.18974238459171877,0.1620050277704783,0.23212745540908405,0.1931848397079323
460,0.1954293221443834,0.16694360502013886,0.22573866035257067,0.189526325690427
461,0.18625949413792506,0.16142371962967053,0.2294152809040887,0.1937768791003951
462,0.1872354965966238,0.1533617523775713,0.22865679902689798,0.19445284509233066
463,0.2083541665614572,0.16141886506085806,0.23451951646379063,0.20372257716953754
464,0.18693933989421166,0.1631127082757134,0.23574307262897493,0.1944830980684076
465,0.1901188800650789,0.1583296838117598,0.22583642367805754,0.19831047055444548
466,0.19209000415035657,0.16187572585145538,0.22065842566745622,0.18947325221129827
467,0.19148458934184093,0.1631622905573272,0.22087894550391607,0.18296331952192954
468,0.1884125255364709,0.15770095674155646,0.23128197959491184,0.1963048572785088
469,0.18427295886469164,0.16295030076797462,0.22543784699269703,0.19175870383956603
470,0.19193380342573502,0.16579139828825779,0.22317453622817993,0.19506048691858138
471,0.18734699041082822,0.15976131184325054,0.23848075919917652,0.19045646041631697
472,0.19306510067670732,0.15364252876770831,0.22930604464241436,0.19541680097047773
473,0.195210992470096,0.1552069338728965,0.22937206540788924,0.19431693298476083
474,0.19252099817381402,0.15270976258197289,0.21877564362117222,0.1910058617591858
475,0.1911799408545768,0.1582627236235412,0.2235941228057657,0.1928917683660984
476,0.18704576802199066,0.15899013908054954,0.23351741624729974,0.19882878617250493
477,0.19257114132916606,0.15596816407131844,0.2299350876893316,0.19778298405664307
478,0.18868229190844135,0.15592206331710673,0.24452050839151654,0.20804628607417855
479,0.19185525875063936,0.15498376983167553,0.2317422854048865,0.20095941424369812
480,0.19488906674536527,0.16988500539918203,0.2312084002154214,0.19028685900515743
481,0.19391366363679235,0.16657727119480492,0.2301512258393424,0.19897705667785237
482,0.19964770466794032,0.16630573322502967,0.23039005143301827,0.1953644142619201
483,0.19410910030186868,0.16474835977001426,0.22660281679459982,0.20249438730201552
484,0.19830341184058706,0.16738178792434769,0.23086365716797966,0.19964382387697696
485,0.1902887554530011,0.1638325991281614,0.2204515370939459,0.19854358062148095
486,0.188473377642887,0.16168207326062511,0.228114288938897,0.19632426617400986
487,0.19257337869680757,0.1641082216546831,0.22571806460618973,0.19234194212726186
488,0.19494161676457258,0.16044313864581086,0.2249046157513346,0.19177674704364367
489,0.1895909000216879,0.15763059933400178,0.22655245746885028,0.19173326497631413
490,0.19546687429677334,0.15823166749824888,0.23671823048165866,0.21515198899433016
491,0.18950726504664164,0.1572409565866166,0.22349655479192734,0.19702533893287183
492,0.18882677802621858,0.1612830449679586,0.22910456338099072,0.19240943528711796
493,0.18522303048377448,0.16241517589287294,0.222260646628482,0.19663286092025892
494,0.18189640376990135,0.1640294309555819,0.2206940484898431,0.19903670799519335
495,0.19317728964590314,0.15672542642789414,0.2293226054736546,0.1884025334247521
496,0.1912236812894869,0.16634657839223255,0.2241692391889436,0.2020855995360762
497,0.18914347513790986,0.15984857920197676,0.2288285289491926,0.19710647040711982
498,0.1868717503306028,0.15462673168978205,0.23218942071710313,0.20296877643891742
499,0.1875559358163575,0.1552637922757352,0.22417673021554946,0.19198372866293148
500,0.192271973463099,0.16418016633615762,0.236625246490751,0.19615286189530576
501,0.1916527070795477,0.16303002741817083,0.22972895013434547,0.19756110712353672
502,0.19701522959820553,0.15647970625418725,0.2248509136693818,0.1928798368466752
503,0.19639681120003974,0.1651677563175214,0.2231457618730409,0.20116225198975632
504,0.18770234537055594,0.15369783657172364,0.2349499674780028,0.2003098499562059
505,0.18491972046526703,0.1576728796861476,0.2197222705398287,0.19591122227055685
506,0.19533307742126085,0.15868283588165943,0.22510133875267846,0.19655607300145286
507,0.19765126380105735,0.16259439415064672,0.22316346807139262,0.20407630330217735
508,0.18063581673047258,0.1596429180461755,0.22919282732265336,0.20195965197469506
509,0.1881047216492155,0.15904822304456506,0.22637585699558258,0.1923887557217053
510,0.18841561226131084,0.1596412302676272,0.2368009409734181,0.20203589807663644
511,0.19556665651924535,0.16162308178838472,0.22182344772986004,0.19572982005774975
512,0.19015231471451208,0.158013279111085,0.2246207154222897,0.19429343321493694
513,0.18338258425852563,0.15972870109876092,0.22974343023129873,0.19718539038939134
514,0.19385610480566282,0.158970131164841,0.22623481303453447,0.1834581627377442
515,0.18644152523439134,0.16745397855588828,0.22074739166668483,0.19145081873450961
516,0.19465294613369874,0.15844403640241236,0.22729956976005009,0.19724186094743865
517,0.18672305766967734,0.16404013651599353,0.23393797725439072,0.1944604726707829
518,0.1892576026424593,0.16357556622453812,0.22833966378654752,0.19423904429588998
519,0.19410715117676608,0.15628084409838133,0.232525763128485,0.1957580165671451
520,0.19549600999356467,0.16300893659095736,0.22127348769988334,0.19337083968733038
521,0.19085083673186745,0.15867317325173083,0.2222293076770646,0.19455358875649317
522,0.1916412868173829,0.15905056604360407,0.22806105752076422,0.19673531938876423
523,0.18986655422935844,0.1570124095359738,0.22215454892388412,0.18764592457030502
524,0.17858738219185685,0.1580021837600381,0.21979088123355592,0.19553668456418175
525,0.1846079800824516,0.16432459428762608,0.2242427461913654,0.19497426860034467
526,0.18746307014009436,0.16401929030389054,0.22319420246141297,0.19620131589472295
527,0.1879900634418238,0.15988104233004038,0.22681004021848952,0.19264793204409736
528,0.19190627033013175,0.16537953931707924,0.221012610409941,0.1909970548270004
529,0.18963934428374998,0.15644352227444022,0.2211752182671002,0.1931246924081019
530,0.1880256758075078,0.16780263020092456,0.23067551787410465,0.19521430344986065
531,0.18525461446939748,0.15935582211996252,0.22245094148176056,0.19052911485944476
532,0.1924052226310416,0.16097925261335455,0.22848139192376818,0.19043608009815216
533,0.18387885091819128,0.16067292657411122,0.23128302310194288,0.19650234538795694
534,0.1955117162489638,0.15733049167715674,0.22212244868278502,0.1958372193787779
535,0.18814689133129295,0.15771845647612134,0.22976341332708086,0.19267945853727206
536,0.1922111794043289,0.15150309686861846,0.22827354286398208,0.19274165223219564
537,0.18334604348649333,0.16134256410725328,0.23014873638749123,0.19546238322343146
538,0.1895622431829169,0.1594097853789257,0.2247606151870319,0.19190867521933147
539,0.18684954380321686,0.1547452210858608,0.22304285434739932,0.19531337187758513
540,0.19156309639546,0.15628494745170748,0.22775491827300617,0.19356556156916277
541,0.18913419291190084,0.1565391944854387,0.22581221950905664,0.20154460732425963
542,0.18614754539961176,0.16116764559320618,0.22709600776433944,0.18540957740374975
543,0.18062048718966112,0.14821324569063485,0.22890585299049104,0.19214277834232366
544,0.1795620911297996,0.15714079522056698,0.22609677910804749,0.19894680037562337
545,0.18620843259063927,0.1621625872497882,0.22408245791281972,0.19354017499302115
546,0.18539753631045,0.1603844926591862,0.23012156901615008,0.19903078645999941
547,0.18366373372785602,0.1530211479708725,0.22500840893813542,0.18951283427221435
548,0.18450865773825717,0.14882759777217758,0.2294877697314535,0.1982576962161277
549,0.18283011712867436,0.16380771760501572,0.2271799372775214,0.20201728088515145
550,0.18897175878415812,0.15731158236250223,0.22333781336035047,0.19023595494883402
551,0.18816596587479806,0.15902989332269316,0.22390753009489606,0.20031066185661725
552,0.18471163164996848,0.15883619048808878,0.22803204144750322,0.1969748799289976
553,0.18264290904734126,0.1471959553824371,0.23350748888083867,0.20125582788937857
554,0.19132194235834607,0.16148679246532668,0.2271800860762596,0.1976225787507636
555,0.185091550954578,0.15731347214545638,0.2225939263190542,0.19732689676540238
556,0.18407760675939008,0.15696790051362458,0.2179876174245562,0.20437829946832997
557,0.188150806805572,0.15511288145075203,0.22672821687800543,0.19697395730763673
558,0.18796854110930877,0.1479177822927049,0.22641196421214513,0.19289306053625685
559,0.19251111292902337,0.14858878088277194,0.22213228472641536,0.19004117428724254
560,0.18760195234251067,0.15575476198791594,0.216355827663626,0.19382831869380815
561,0.18774114768146663,0.15884557614124534,0.22231573526348386,0.19364576895854302
562,0.17932674188425757,0.1593437865115774,0.2324262546641486,0.18361111006566455
563,0.1888780677942811,0.15806969698665943,0.21919302621058057,0.1918425580220563
564,0.18927277823097458,0.15868217223162068,0.22020031192473002,0.18685472985463483
565,0.18433976192818416,0.15286314127873268,0.21760804397719247,0.19543975075440748
566,0.18823559916646554,0.1586047909298955,0.22086943984031676,0.19173242247530392
567,0.1843810017619814,0.1471712582359903,0.220021514115589,0.1974824056295412
568,0.17932141327719892,0.15213412945212718,0.21544789299368858,0.1987438631909234
569,0.18153624192175086,0.15309015626598393,0.2202520470534052,0.1909196960074561
570,0.18525835873134808,0.16394495525088118,0.2138348183461598,0.19217078241386584
571,0.1841725791880005,0.15422823270836766,0.22428793289831706,0.1924018896450954
572,0.19196675149687928,0.15530088949547613,0.22161246559449604,0.18926369313682828
573,0.18719664163182717,0.15398555329882155,0.22698904786791121,0.1940977112523147
574,0.18450749002066244,0.15964974112481484,0.21616106586796896,0.19428633392921515
575,0.18790406167766072,0.15582296159477999,0.2206654423049518,0.1831055395970387
576,0.17739398284135638,0.16240085234764862,0.22424733362027577,0.18829709392573152
577,0.1814084151457693,0.14819962731616493,0.22538477682641575,0.1924093504303268
578,0.19177871985670222,0.15677948182396606,0.22330763414502144,0.18870434646627732
579,0.18770888553838816,0.15548981677086368,0.22672808819583484,0.19468757463619113
580,0.18554440143600853,0.15373809985514428,0.22272344923445156,0.1890415451356343
581,0.1855355730733356,0.16323518784155774,0.22090087341410772,0.18745277183396475
582,0.1843510580511627,0.15475508410476407,0.22734043640749796,0.1946179318108729
583,0.19744261021952372,0.15142433259557056,0.22307746027197156,0.18891465876783645
584,0.17600363454849793,0.15154080627878055,0.22807683306080953,0.1845367196415152
585,0.18168880614635452,0.1508534314492034,0.2220367506146431,0.19086470470896788
586,0.17867908188461912,0.1495050941593945,0.22311883536832675,0.18584738128951617
587,0.1870785558876729,0.1562124961649129,0.2255388372710773,0.19093405359557697
588,0.1841021470984437,0.1546737917673749,0.22325614669493266,0.19133654627948998
589,0.1843375390805448,0.15083758769697117,0.21650610363909176,0.1863214104835476
590,0.18736351436025617,0.15383379514828957,0.22170247015144143,0.19013259607766356
591,0.17816690479955388,0.14517487663304626,0.22085376238184315,0.18870605507067273
592,0.18398307403010175,0.1541738285800859,0.22713270676987513,0.18553159103861877
593,0.18283373943770945,0.1588925237908535,0.21919237758432117,0.19094027302094868
594,0.18481214751011213,0.15185666134091935,0.22326722666621207,0.18794367398534503
595,0.19142295692734507,0.15920678902557658,0.22503142654895783,0.18370569539921625
596,0.18123455479395895,0.14999329201377296,0.22911106475761958,0.19554005086954152
597,0.18683665365872465,0.1495264182334701,0.22082015978438513,0.18878609612584113
598,0.18290502636991873,0.15245861695354812,0.22534002448831286,0.19017287998327187
599,0.1856617255416846,0.15488003545016424,0.22780464153204646,0.1902034679693835
600,0.18806005664651632,0.1622470860516933,0.21715045826775686,0.1896698646713048
601,0.18678329329808246,0.15135741343678596,0.2350417065833296,0.19654692874423096
602,0.18472914365353962,0.14928963831284273,0.22214582626308713,0.1932005657681397
603,0.1817654228111204,0.15382175140881113,0.2205524441386972,0.18876069911888668
604,0.17824417900682415,0.15205121657929768,0.2219197628753526,0.19452930635639598
605,0.18751445386745755,0.15073384073721138,0.22317327186465263,0.190500253492168
606,0.1836642900330795,0.15240977310398449,0.2177165625350816,0.184776220560473
607,0.18428078265033634,0.1534884700103947,0.22445275911263057,0.18811399224879485
608,0.17795693469107957,0.15222732866233266,0.21842153945139475,0.19212902912071772
609,0.1853004606606072,0.15672635483918676,0.2210054716893605,0.18978213375168188
610,0.18121815807254388,0.15248553429794962,0.2230949711586748,0.19193539789744785
611,0.18030027664737583,0.148850319259818,0.22007267943450382,0.1969590441589909
612,0.18696681059120243,0.15496133537028114,0.22080140124474254,0.1941721080935427
613,0.18339020107301046,0.15082738313349286,0.21833935848304203,0.18938763013907842
614,0.18267195841880032,0.1533540550072796,0.22379395834037236,0.18857752071427447
615,0.18046153328672743,0.15205708148971947,0.22039454664502825,0.1885391062391656
616,0.18438554718069244,0.1513312802925116,0.2168963397187846,0.1979636450963361
617,0.18525046722704552,0.15204667486160506,0.21853463841336115,0.18549013467771666
618,0.18252574923200152,0.15692621320090527,0.23173967269914492,0.19001215605863503
619,0.1788933904604217,0.15593535799180736,0.2203647032380104,0.18955987103815589
620,0.18226789838803437,0.14550651622438104,0.2246376516563552,0.19704652173178536
621,0.18451503512510692,0.15125893199507104,0.21847583587680544,0.19724583279873645
622,0.18541783258915812,0.15524178564918864,0.22094360111015185,0.1893527103454939
623,0.18064140834806047,0.15037979525567885,0.21734474833522524,0.19536370942369102
624,0.18046410255220405,0.14911318923666728,0.22142086050340107,0.18881970047950744
625,0.18434595521611366,0.15634513896814473,0.22343742113028253,0.17834095458633134
626,0.19088613714404318,0.15706227283608384,0.22998430665050235,0.19787607597453252
627,0.18071499363335863,0.14649792808794837,0.2239658921957016,0.19195608315723284
628,0.17601987298103372,0.14979041070932644,0.2178518245262759,0.19194961517517056
629,0.17787719253292414,0.14724125296172316,0.22509323912007467,0.1912070730967181
630,0.1756626051350795,0.14766558168301339,0.2188915599669729,0.1976890843361616
631,0.17797941096040734,0.15000494300211603,0.23071250915527344,0.19921942596722927
632,0.1879560256729255,0.1590483237676409,0.21903153913361686,0.19975561185606888
633,0.17787868093742368,0.14679180953335233,0.2160191135747092,0.18896709218887345
634,0.18137366773424002,0.15389484124308503,0.21986776760646276,0.18172373814242226
635,0.17350020204422614,0.15498545255042742,0.22861591811691012,0.19254025162330696
636,0.1814282951898096,0.1514357512611824,0.22017675042152404,0.19012545102408954
637,0.1781798837900622,0.1541360393256438,0.22073328409876142,0.19504027471079358
638,0.18198652801366386,0.14816909380487264,0.22387747008885656,0.20066496101873263
639,0.18067699085568656,0.15103253402071196,0.22376139951603755,0.19563614481261798
640,0.18201129373637637,0.14808945384678435,0.22678201092141015,0.1884763643012515
641,0.1867184276947874,0.14660612668691053,0.22326467782258988,0.19491383577031748
642,0.1863269213601429,0.151813615242947,0.22249754699213165,0.19929485062935523
643,0.17694103430496336,0.1518377414670805,0.2179995640047959,0.18756614827683993
644,0.17622688117807436,0.1493836838579431,0.2168790721467563,0.18903358722371713
645,0.18314103907312204,0.1562950565321479,0.21263268079076494,0.191749127634934
646,0.18051216174204723,0.14842752207422982,0.22320491990872793,0.1904220552848918
647,0.17174084853510369,0.14673709777960534,0.21743891664913723,0.18493165501526423
648,0.18111299452979593,0.15414484108089826,0.22978988183396204,0.19638024887868336
649,0.18458145646141072,0.14957811190606488,0.23147036113909314,0.1925442929379642
650,0.17585466806075634,0.14589555402786172,0.2201813990516322,0.19152936731864298
651,0.1796688617253856,0.15316640140226248,0.23009499343378204,0.19142150644745146
652,0.18194124337400824,0.15072602394682402,0.22450989718948092,0.19339075503604752
653,0.1829712068065138,0.1486200942229983,0.22111580254776136,0.19519913010299206
654,0.18076943171041582,0.15405049899585804,0.2166535335992064,0.1898371354809829
655,0.17763436389062193,0.14890783363692534,0.22733300530484746,0.19651453183697803
656,0.18066209168119435,0.15015899598990426,0.22873382568359374,0.19275346800152746
657,0.18084544158436386,0.1478297794435504,0.2194514438509941,0.18902442657521792
658,0.18439603815193226,0.15362698759373034,0.2260622473699706,0.20226195459919316
659,0.18055570710263427,0.14752233907594758,0.21972870869295938,0.1909395394580705
660,0.1790898195090326,0.14992196609636474,0.22014463847236973,0.18964598200150898
661,0.1784286237102448,0.1525936761716359,0.21960581711360386,0.1926876385297094
662,0.1750516188312969,0.14974166997294858,0.22105153735194888,0.19769651762076787
663,0.18103774657120575,0.14335267399221976,0.22752048309360232,0.1943183087876865
664,0.17690788132487348,0.1502155181700112,0.22096429275614873,0.18276679877723967
665,0.1760624462116553,0.1381821523161612,0.2205675489136151,0.19391479872699294
666,0.18093989633426472,0.1521670728100241,0.22200716180460794,0.1948332472571305
667,0.1724441382624065,0.14366878946509543,0.21791833511420658,0.19205515171800341
668,0.17397928478117156,0.14858135129019445,0.2244532259447234,0.19864744847374302
669,0.1751968844588774,0.15323851112650283,0.2153332097189767,0.1902425985251154
670,0.17256495565118476,0.15061987964184703,0.2181344187153237,0.1895527227648667
671,0.1831252288547952,0.15235891358560116,0.21466950795480183,0.19702753009540694
672,0.1708827929635996,0.14403545779345062,0.22329914080245153,0.19479617266250507
673,0.17235331759432107,0.14943023973043906,0.21458299862486976,0.1836327764604773
674,0.1796415973900598,0.1445161456466494,0.21929857092244284,0.19587874698585697
675,0.1781365169305714,0.14849984928836119,0.21614682142223632,0.18061191439628602
676,0.1780466686567457,0.1536897339581235,0.2199197496686663,0.1825024250894785
677,0.17973746746260688,0.14820534151369297,0.22142305885042463,0.1923614626484258
678,0.1781333949215509,0.14856227884665996,0.21761976129242352,0.19048219014491355
679,0.17572508880357945,0.15050289704568656,0.22059219963848592,0.18620893412402698
680,0.1843814612456155,0.1491055361419542,0.21608103907534054,0.1841231318456786
681,0.1808138658440021,0.15240703575118916,0.21460235587188176,0.18516209604484693
682,0.17597649056593884,0.1495059502174409,0.22081021964550018,0.18817301240882703
683,0.18292194977043102,0.14581746394246184,0.22853950709104537,0.19861914746995482
684,0.17657928837959486,0.14983374113216996,0.21973419774855887,0.18878464778619153
685,0.17888220993291343,0.14596229583172407,0.2154652863740921,0.18251295350492
686,0.172962230382106,0.14878014882066393,0.2166859045624733,0.18359647323294276
687,0.17495897807123348,0.14549407146648147,0.2201828884226935,0.187601152913911
688,0.17636897824129313,0.1471267747441055,0.22164655732257024,0.1897464534001691
689,0.17443361425319234,0.14175656341325535,0.21854380922658104,0.1826987854338118
690,0.1772470095313539,0.15054839779712748,0.22460749138678823,0.18777761198580264
691,0.17963382928240254,0.1418888022499267,0.22202022671699523,0.190026318654418
692,0.17893252953973285,0.14503849242026395,0.22332585006952285,0.19354057812264988
693,0.17384063563234098,0.1503700403216597,0.22050997955458504,0.1931726151811225
694,0.17974522774212034,0.14850100288149617,0.21753370841698988,0.18812406323850156
695,0.18742030173626414,0.15233255260620396,0.22092572769948415,0.1877929248447929
696,0.1761914092227529,0.1453296402792903,0.23009104281663895,0.18413530077253068
697,0.17945688028737156,0.15167530906893686,0.2240127640111106,0.18666964234518155
698,0.17744778211742754,0.14047424704138492,0.21450707060950144,0.1863940374127456
699,0.17700871154953615,0.14027453201704274,0.2119880131312779,0.19135188875453812
700,0.17544135814137096,0.1484008237241289,0.21798769405909946,0.18184652281259853
701,0.17356758414404502,0.1437254693124508,0.22325733825564384,0.1848964818886348
702,0.18095977316721987,0.14489308412233548,0.21538612922387465,0.18462515625038317
703,0.16683474598402107,0.14923241705226695,0.2147932007908821,0.18336572758853437
704,0.17584391089307294,0.14606930280614888,0.21455317214131356,0.18656523459191834
705,0.17651642010813312,0.1410121574429759,0.21593716815114022,0.1856326615171773
706,0.17937416689736502,0.14567913374014946,0.22365487856524333,0.1835362570626395
707,0.17622794280670095,0.14678987593868295,0.2197405956685543,0.18927514095391546
708,0.18093141995399153,0.137643567731417,0.22058080626385554,0.19206283390522003
709,0.16788564428945996,0.14656758199816275,0.2204737601535661,0.19102901297488384
710,0.17671908626987323,0.14231654139537667,0.2201306757118021,0.18243868511053735
711,0.17799572222308763,0.1431378515987409,0.21890066649232592,0.18596192760659117
712,0.17142411480337727,0.1451227700510368,0.2221811877829688,0.18585703873208592
713,0.17906603810078964,0.13856232214834124,0.21830955360616958,0.19078053455533725
714,0.18240288047400452,0.15077110439625255,0.21677156761288643,0.19394398257136344
715,0.17410305988863398,0.15189722531927305,0.22291767096945217,0.19420166525191496
716,0.18044843809484976,0.13995213386635064,0.2151357699717794,0.18748958525913104
717,0.1765385569004939,0.15284867079310033,0.22379770470517021,0.193353057546275
718,0.171408631324653,0.13867511213433473,0.22315124103001185,0.19102779004190648
719,0.1670490913165007,0.1432220503997101,0.21334015663181033,0.18709514667945248
720,0.1718721088259319,0.14880568420147688,0.21418501756020955,0.1958943430866514
721,0.1740512782402164,0.14706106684404394,0.22062792330980302,0.19056230639772756
722,0.1767018585588107,0.14814392424774675,0.21798210250479835,0.1955140481037753
723,0.1734850854113065,0.13838615158975526,0.2188591626073633,0.19404677801898548
724,0.1729358505946674,0.14199011984935686,0.2184152466910226,0.18399060190256153
725,0.17966935831089736,0.1420448317163728,0.21950346784932273,0.1886509363672563
726,0.17192683983809928,0.1463583618578677,0.2164924099509205,0.18143506960145064
727,0.17534130742651155,0.14636112943212556,0.21726833209395408,0.17990877032279967
728,0.17751723294178723,0.1438133531577281,0.21566526613065173,0.18242067835360234
729,0.16998374146053344,0.13977909232417848,0.2253253636615617,0.1921919835731387
730,0.18089463386116514,0.1486240992103218,0.21846276904855455,0.1822402601263353
731,0.1698220522362293,0.14262410454158977,0.2174028934112617,0.18904596785349506
732,0.18345895311777197,0.14340192568937898,0.21281794618282998,0.19194151838975293
733,0.17486469891339426,0.14143862423188552,0.2141448955450739,0.18543956596404315
734,0.18081708927009557,0.14620915574873852,0.22035023687141284,0.18605619147087316
735,0.1757998925824308,0.14702591222115796,0.21770995472158705,0.18563910222479274
736,0.1806076922630136,0.144372024971625,0.21982989438942502,0.18167583490056652
737,0.18410954100140964,0.1452855808007743,0.21768181451729365,0.1914805854005473
738,0.18017247216380472,0.14783778374216386,0.2236021302640438,0.18690693844109774
739,0.17139420526742244,0.13736486021010386,0.21601764793906894,0.1863123174224581
740,0.17490397895682733,0.1513574240768767,0.22335459909268787,0.18865014814904757
741,0.1757080313537457,0.13860875717319304,0.2152530379061188,0.18488184022051948
742,0.16714057880795372,0.138260887680453,0.2123841147337641,0.1848945171439222
743,0.1685690792442864,0.1420796790945031,0.21718637623957227,0.19300181546381542
744,0.1674784304192973,0.14659455061879398,0.21459205491202218,0.20122166510139192
745,0.17134033096055268,0.14106597535156656,0.21560622666563306,0.19583782566977398
746,0.17473868999098027,0.14068226011031268,0.21157089599541257,0.18912923719201769
747,0.17071332258952632,0.1422577242505859,0.22465634133134568,0.18740357203142985
748,0.17582660063770403,0.14869347439259004,0.2158011027744838,0.18754386332418238
749,0.1747351181495604,0.1383306924145827,0.21143241503408977,0.19296286409454685
750,0.17361659166838211,0.14121992334644365,0.2141404216842992,0.17998666598328522
751,0.1730938821879996,0.14607402639963366,0.21146296645913806,0.1875348398461938
752,0.16959012953859384,0.14067949076937367,0.21950996087065766,0.18928721760000503
753,0.17556501178045733,0.140548813056999,0.21073403911931174,0.1827545804636819
754,0.1687444601060542,0.13942806875606473,0.2138313746878079,0.1836806122213602
755,0.17138149436836536,0.14520517172126465,0.21763255862253053,0.18472599419099944
756,0.17232328501231536,0.1424287458158972,0.21157515331038407,0.1908268059670393
757,0.17590473076997462,0.14696336934557833,0.21435283220240048,0.1881085800273078
758,0.17204820132422402,0.13951904552496078,0.2172585181891918,0.18765673669653812
759,0.16795318680509752,0.14013982233393607,0.21157173748527255,0.1783952388380255
760,0.1743954150078092,0.14258873460609395,0.22551401619400296,0.18841743655502796
761,0.16971343765790398,0.1400592452657686,0.21607724832636968,0.17945683396288326
762,0.17355927095018528,0.1399146373470001,0.21986116192170552,0.18430994232850414
763,0.1724692303759251,0.13893973022837797,0.21660640708037784,0.19670204435076033
764,0.1783999936964406,0.14081748280832437,0.21378261340515956,0.18093611003298846
765,0.17216752368136953,0.1405362369560971,0.21500887838857516,0.19180654734373093
766,0.17410972185835644,0.1493878396494048,0.21612954224858966,0.1917491697307144
767,0.16887721493049132,0.14844653084892132,0.21661668483700072,0.18806306443044118
768,0.17036543882175073,0.14313906759048836,0.2172525976385389,0.19285248784082276
769,0.17223353396281313,0.1437974523458069,0.2144559407872813,0.18696634668324674
770,0.17511929987217786,0.1435176412166819,0.21223513782024384,0.1902639105117747
771,0.17231427397916962,0.1399485780465894,0.21217434534004756,0.19602141896528857
772,0.17113589575967272,0.144802105216162,0.2142655129943575,0.1936039144971541
773,0.16837827269433778,0.13774044163575447,0.20701809568064553,0.17641813951943602
774,0.177383157485758,0.14664292272583052,0.21347618326544762,0.1893042704356568
775,0.1778840389404748,0.14621267489671821,0.21445962456720216,0.19494854073439324
776,0.17937077521831948,0.14522758410779696,0.21410911359957285,0.19265772891896113
777,0.16896904136582808,0.14139824009655064,0.21452435446637017,0.18557683708412306
778,0.1697504648176457,0.13837492873471474,0.21119879665119307,0.18935919318880354
779,0.1684637171176755,0.13412930485684582,0.21860128704990658,0.18300705211503165
780,0.17342986469966104,0.13636515917019149,0.21469789913722448,0.17860386914440562
781,0.1740911071185152,0.14986006601292884,0.22020413428545,0.20148916744760104
782,0.16805655812003206,0.14555478613185616,0.21866158906902586,0.18439883259790285
783,0.16802987315364787,0.1401304437982954,0.22477722764015198,0.19772833468658582
784,0.16773166444195745,0.14128307824411418,0.22331590120281491,0.18983596161540064
785,0.1737284467026994,0.13743939243695738,0.22443787647145136,0.1883980811174427
786,0.17107162924850194,0.1370388142347451,0.22024200026478086,0.18483248238584826
787,0.16548642073128675,0.13660361021972875,0.22356876283884047,0.19188624253230435
788,0.16823465537466828,0.1423648380041554,0.22271056079438756,0.19591419899037907
789,0.17185428166855488,0.14163827143598737,0.21949021135057722,0.1940270786306688
790,0.16448131163018437,0.1409225303062344,0.21601167065756663,0.1930701928479331
791,0.1684516978281115,0.141286310610365,0.21467891867671693,0.19197770463568822
792,0.1746597708307178,0.13609133561188536,0.22095851408583778,0.19504800589222993
793,0.16659462673078979,0.14113037721128077,0.21371458704982485,0.19236688377069575
794,0.17260282974812458,0.13448165544635943,0.22207218493734088,0.18300323599417295
795,0.1665027657286426,0.14157396996156474,0.2146072479231017,0.182858680454748
796,0.1709827068675324,0.13480725069530308,0.21680640344108854,0.19273214201842034
797,0.16519467213324138,0.13724803663142976,0.2183944245534284,0.18281945107238634
798,0.1689313356351093,0.14118727937369502,0.22114140880959374,0.2001283401091184
799,0.1708642295040334,0.13695607997897769,0.2202354049043996,0.19295240252145698
800,0.1695194782322438,0.14221504720064548,0.21749677338770457,0.18596187941730022
801,0.17229207809367236,0.13573472808442405,0.21665820394243512,0.18361493322466102
802,0.16979446734974168,0.13783758099309554,0.21887272873095104,0.20310762769409588
803,0.16834171631995545,0.13365524262038164,0.2166404952960355,0.1815244531924171
804,0.1691777681514736,0.13757699631823364,0.22287545821496418,0.1902188643147903
805,0.17564969942239778,0.14518769053763864,0.21467251405119897,0.19447247238297546
806,0.16462538432344276,0.14127940606729497,0.21861284087811197,0.1905974502010005
807,0.1631884723398331,0.1347881938738957,0.21003045003329004,0.18935176517282212
808,0.16805188989259562,0.14033985980085195,0.21472726549421037,0.1899139339370387
809,0.16763634617264206,0.1323744191583174,0.2178895298923765,0.18753367673073496
810,0.16675185946510335,0.13533428408323273,0.2133680752345494,0.19322014514889035
811,0.17070259847840058,0.13772600652307496,0.21507120345320022,0.19195924060685293
812,0.17091475804354347,0.13696734852455988,0.22256358989647457,0.19601217322051526
813,0.16407140514104984,0.13571971310770076,0.2133359578038965,0.19187594018876553
814,0.16613360007228797,0.13809531183219353,0.21405117320162909,0.18727865309587546
815,0.16076783998240088,0.13923034208564225,0.22298553905316762,0.19223292847829207
816,0.1705157629800349,0.1378630564869903,0.20684436964137212,0.19227197733042495
817,0.158477267872499,0.135159638440632,0.21363550467150552,0.1903351940214634
818,0.16466630044533478,0.13409310256753074,0.21265917643904686,0.19020327993535568
819,0.16469034248725672,0.12947105156243366,0.22152466773986818,0.1901717325406415
820,0.1647721303511828,0.1344209416139274,0.21676122290747507,0.18907595401895896
821,0.16404849239427266,0.14306488306293963,0.21771359220147132,0.1847288386097976
822,0.17001519309766736,0.1373259624759361,0.2142620678458895,0.19091480209359102
823,0.16918754076376616,0.1394254435375189,0.2195740955216544,0.19162311463483742
824,0.17135702045526513,0.13805466607432368,0.2126080008489745,0.19947700524436576
825,0.17126757153903197,0.14051514472740498,0.2173760265111923,0.19712485559284687
826,0.16704423337254284,0.13802085026944036,0.22224886704768454,0.196308533847332
827,0.16294834816389678,0.13829529948324024,0.2302831238933972,0.19789217804957712
828,0.16755341576290061,0.14064706834554527,0.219345362963421,0.20096333670829022
829,0.1642621071311613,0.13119736453158687,0.21749411789434298,0.18807620226538607
830,0.17005900201535132,0.1373139172895815,0.21654471414429802,0.1944673053920269
831,0.16748877505782603,0.1378037517128016,0.21285408501114164,0.19325762167572974
832,0.16791642053433942,0.1372370720565909,0.22175286912492342,0.19070139937102795
833,0.16729391752436584,0.13854750137934355,0.21780696830579213,0.19924972312791006
834,0.16425257349480304,0.13424510316038685,0.218079788344247,0.19016858200941766
835,0.16526345437406975,0.1320554528899606,0.21889352053403854,0.19679935968347959
836,0.1602817442785934,0.13940306043011427,0.21380445711048587,0.19788234358919518
837,0.16695088690369747,0.13962350262177958,0.21556964250547545,0.19839761331677436
838,0.16792403765626857,0.13690662712692983,0.21033659066472735,0.18828446705426488
839,0.17438915216554546,0.1375032171978288,0.2218407969389643,0.20008428421403682
840,0.17028204967810784,0.1381933249948496,0.21820038578339984,0.19516681698816163
841,0.16523290798787216,0.1390279497821819,0.2138048863836697,0.18928842187992165
842,0.16594932731924197,0.13793455927118545,0.21889840087720325,0.1846756162387984
843,0.16574202665634827,0.13766157131958537,0.21803705192037992,0.19136559228811945
844,0.16694671713160963,0.13415339859346337,0.2154348900275571,0.19597415881497518
845,0.1548597692731322,0.1367171503294216,0.22054827266505786,0.1926336746795901
846,0.16411187121164572,0.13523256012443524,0.21597063626561847,0.1952466234564781
847,0.16528588036905872,0.13794361890031162,0.2124662470604692,0.19127019702323844
848,0.16767506348148967,0.13187223257524822,0.2192495658993721,0.19312987625598907
849,0.1665236760743509,0.141437110085666,0.2132351449557713,0.1957845643961004
850,0.16397117947778417,0.13070159960128222,0.2131483031170709,0.19084651805460454
851,0.16977372592940754,0.13866057469146362,0.21927132883242198,0.1962755578969206
852,0.16190292325741018,0.1308519677007319,0.21890391781926155,0.191949762097959
853,0.15930310831653335,0.13701802440901004,0.21307845903294428,0.183683901067291
854,0.16837583618188226,0.12645570820729649,0.20830924000058856,0.18623306580952237
855,0.16895268818104647,0.13375942378833489,0.21710969326751572,0.18643221382849984
856,0.16743451805468865,0.13295685351398345,0.21124423582639013,0.19834124967455863
857,0.1625763815593938,0.13319175379012774,0.21451139716165407,0.19836906109537397
858,0.16613464914873588,0.13560442219427193,0.21125111132860183,0.19334534321512495
859,0.16571536636461853,0.13769578466256613,0.21334699647767202,0.19389607110725982
860,0.16035586143897768,0.13413058706419004,0.21579417575682913,0.1895160336047411
861,0.1653367053487241,0.1354682805797833,0.22007469524230275,0.1925842813615288
862,0.16085559443272218,0.1425488200901673,0.2205052837729454,0.18831310621462763
863,0.16548138222941217,0.1363942182306416,0.21219825904284204,0.19795802661350795
864,0.16755204493158343,0.13987514112391022,0.21816271053893224,0.1869345215814454
865,0.16383103439476498,0.13397909241501946,0.21821775266102383,0.1953809108052935
866,0.16542772239642253,0.13864280598087086,0.21534829757043294,0.19428277028990643
867,0.15863828622092382,0.12962732060621834,0.21624215585844858,0.20024257958201425
868,0.1575041652178845,0.12435988984502219,0.21901648661920003,0.18947923289878027
869,0.16471108843834933,0.1339280933508484,0.21549030680741582,0.1905739646937166
870,0.1680255136146969,0.13957570712118048,0.21277115419507026,0.19038562891738756
871,0.1675640947066794,0.1378659225755792,0.22032119248594556,0.1915922360760825
872,0.1554374878045754,0.13024252742478573,0.22084021610873086,0.18967408633657865
873,0.1591213969333982,0.12699897494706466,0.21788327981318747,0.19072706938854286
874,0.16053326827074801,0.12977078038314538,0.21482411601713725,0.19069985043523566
875,0.16268116286074794,0.13062891241524396,0.21924801830734525,0.1936584292777947
876,0.16492743911689084,0.12755276088721504,0.21722346544265747,0.19368235213415963
877,0.16535306291503682,0.13289571894803823,0.216268327832222,0.19148250176970447
878,0.16192201348776752,0.13135984998005784,0.21741995236703326,0.19471053763159685
879,0.1616839113138242,0.13099618826841786,0.21746951134077142,0.19136199172852295
880,0.16844316264147002,0.14373932407924395,0.21879066026636532,0.19390461210693632
881,0.15692524985557701,0.14042019507574444,0.2130977532693318,0.19746408888271877
882,0.1679613097106973,0.13634298786945268,0.21338507320199693,0.18638426448617662
883,0.16065119528013883,0.1320782497815804,0.2036776438355446,0.18574098742433956
884,0.164657862073091,0.13549292004670818,0.21186417511531286,0.1943990551999637
885,0.1682662928987539,0.14048954804246333,0.2091433488896915,0.18907197236881723
886,0.16691883846139355,0.13034625909458414,0.22141072899103165,0.19455987511734876
887,0.16748359510998698,0.13157015358561713,0.2137828943984849,0.19530659122392535
888,0.17036239975617487,0.13747031897087095,0.21061148388045176,0.19327327656958784
889,0.16436563036224758,0.13028503893730753,0.2130965081708772,0.1944428901853306
890,0.16613051792225553,0.13325191041118462,0.21301113164850644,0.19472827703159834
891,0.16769531649684813,0.13404772956370156,0.21050386726856232,0.1858005900468145
892,0.16610277346317373,0.13137242475724115,0.20895323497908455,0.18340496539271303
893,0.1595618963155277,0.13337187580746315,0.2185850215809686,0.18980314139542834
894,0.15757171566594522,0.1335050915035286,0.2164814805345876,0.1914184925279447
895,0.1693978417398674,0.13585839976766056,0.21842678955623082,0.1961076935354088
896,0.16802440293881193,0.13357431514720833,0.2156395795089858,0.19684149101376533
897,0.16408199390116,0.12771647593589017,0.22102362918002263,0.18945650069841316
898,0.1655396826090615,0.13488107996149543,0.22062716760805676,0.18905776387878825
899,0.1659145923798839,0.13448685095519633,0.21289640622479575,0.1901239611208439
900,0.16290230610368334,0.1356797918837345,0.21841389089822769,0.18699776072587285
901,0.1665633902902999,0.1345360641112429,0.2169154071382114,0.19421497753688266
902,0.16305162264645445,0.13322426101487692,0.21706217122929436,0.18605887070298194
903,0.16725444866516934,0.13711998266398073,0.2179270029067993,0.18998735142605647
904,0.162535919365563,0.13260724865489829,0.21298463653240884,0.19016798799192267
905,0.16427707973450537,0.12635435889615285,0.2213189345385347,0.1926141426499401
906,0.15748546170394392,0.12868474074909067,0.21195648983120918,0.19519769235381057
907,0.16695793539386344,0.13493071211156754,0.21480449054922376,0.19131080598703454
908,0.16550642002417085,0.13026561599016248,0.21388522812298366,0.19580206253698895
909,0.16298366008815446,0.13628566902199163,0.21187220311590604,0.19119097792676518
910,0.1573060536253694,0.12662987634683437,0.21712281150477272,0.19297879412770272
911,0.1666668675818326,0.13679126597955305,0.21553545338766916,0.1904311248034771
912,0.16350816160756879,0.13522778845456893,0.21115464908736092,0.18584686017462185
913,0.15881442094156986,0.13413969277850132,0.2168974838086537,0.19864928552082606
914,0.16717313107059958,0.1272138324961728,0.2117562529231821,0.18922585995335664
915,0.16126372611229253,0.1248151283687822,0.21542010413748877,0.1880199589766562
916,0.16493570171008928,0.12818628005884788,0.2185272719178881,0.18836207214210715
917,0.16355116474424206,0.12386111040198708,0.2206330529014979,0.1960297042903091
918,0.16224264690803514,0.12709379569954565,0.21399120837450028,0.18928240053355694
919,0.16542739886251137,0.13169250913183692,0.22107838849936212,0.20274754198534148
920,0.16360788554327138,0.1321576655422999,0.2117755664246423,0.1908255931389119
921,0.16514488043529646,0.13221859749097334,0.2210921966603824,0.19601718304412705
922,0.16565250468343265,0.13127720377113108,0.21936773487499783,0.19187643849956137
923,0.16155445852234213,0.1322942133968189,0.21207453502076012,0.1854546798127038
924,0.1668948977754153,0.12876981393520406,0.20961965530046395,0.1891445172418441
925,0.16039778929541756,0.1376612034022204,0.21730803394956247,0.18677076755889824
926,0.16444734271083558,0.1252060548045482,0.21310223851885116,0.19357563254556487
927,0.1618307489006417,0.1316769214609501,0.21440440501485553,0.19108201730996371
928,0.1637410490151538,0.13984562084797958,0.21628729136926786,0.19395267335431918
929,0.1626147749082232,0.12983809953598616,0.21562882166888034,0.19069344555693013
930,0.15969948791701016,0.12975107333856603,0.21581720358559064,0.19419818565781627
931,0.15891664826875718,0.13055692517205814,0.2127664361681257,0.19269427870001113
932,0.16656344053137717,0.13662707284776113,0.220239099328007,0.18900659192752625
933,0.1600088275084452,0.12716357946992785,0.21686010978051595,0.1898051901587418
934,0.16540781038536415,0.12799845903601254,0.2134241605443614,0.18290495574474336
935,0.16482250372300278,0.13309075179308452,0.214046157683645,0.19086797915931258
936,0.15867825524888673,0.12939590294072298,0.21454191207885742,0.19871696143278053
937,0.16254035552107804,0.12945301906281226,0.22067778089216777,0.19961358596171652
938,0.16466165529959564,0.12955885194242,0.21680162804467337,0.19706905936556204
939,0.15935614780598395,0.12903175662940505,0.21644548986639295,0.19515236271545292
940,0.16495610832714955,0.13409587008964888,0.21804636056934085,0.1926832232092108
941,0.16172507955444596,0.1314970070395518,0.2161897962646825,0.1933776364262615
942,0.16468528589650874,0.13400521254504968,0.2139617302588054,0.18924980030528138
943,0.15701010072438412,0.13036551892723255,0.21300785935350827,0.1950853246663298
944,0.16378121226162984,0.12923931362001542,0.20903078424079077,0.19159033186733723
945,0.15870991243142996,0.12935552612022572,0.2137429766356945,0.19514512547424862
946,0.16209552990466816,0.13083327357923796,0.2113816831793104,0.187998562991353
947,0.16186319949630373,0.13334699278530165,0.21301068450723376,0.19522382255111423
948,0.16496009174662438,0.13376185471645077,0.21544934042862485,0.1935420890604811
949,0.1547400327327456,0.13152251290481062,0.20995338154690607,0.1936758843649711
950,0.16395147038896973,0.1342261821107083,0.21524980589747428,0.18892679101388368
951,0.16138919648574127,0.12267718175884595,0.2179934558059488,0.18999185136386326
952,0.15603602515770892,0.12847229969259855,0.2140668039875371,0.19449339344033173
953,0.15997204469682283,0.1312802143891173,0.21880605795553754,0.18884578701108695
954,0.1575490357677909,0.13671060912104316,0.21634971158845084,0.19463749775396927
955,0.16641581434627067,0.13587217000007457,0.21967526142086302,0.19352663659623692
956,0.1668149836749759,0.12772744438704464,0.2220177232154778,0.1889157609747989
957,0.16357922307341485,0.12996562812333518,0.20912239743130548,0.19035608167094845
958,0.16686842122392073,0.1347033323533114,0.21292065030762128,0.1857112922838756
959,0.15560000372554345,0.13630248753994012,0.21511454454490117,0.1874329803407558
960,0.1637278299348997,0.12897996524614946,0.214497076560344,0.1986833685210773
961,0.15946826435496103,0.12627949917951461,0.21296881501163756,0.18682111634739806
962,0.1558277138947549,0.12927467946653545,0.21404902764729092,0.18458853933428016
963,0.1539821585237577,0.12805976147554873,0.2136453678565366,0.19178835547396114
964,0.15947823351587107,0.1277496337847475,0.21246097215584347,0.18920485151133368
965,0.15504174336474605,0.12915621860614443,0.21427874777998243,0.19311979158914516
966,0.1525372216032106,0.1314350794605249,0.21465426236391066,0.19155312345496245
967,0.16264241946048488,0.12645891286906044,0.20894796677998134,0.1920714759933097
968,0.16287136111322173,0.12884982371757628,0.20985542397413934,0.1852941966482571
969,0.16416827690676142,0.13308651100315555,0.2140105540198939,0.19298828741801635
970,0.163768182900594,0.12968521843157335,0.21152819948537008,0.19049691698913063
971,0.16114762513880335,0.12878981980577858,0.21329990731818335,0.18995970240128893
972,0.15911357090754513,0.13584228181621802,0.21553955525159835,0.18945380789893015
973,0.15509362465568952,0.12830161420685962,0.21686820281403404,0.1919189770705998
974,0.16457639810805386,0.13232443685927447,0.2129899750862803,0.19110405801662378
975,0.15719859425381227,0.12486191252678,0.2129516322697912,0.19018468745052813
976,0.1613028773994807,0.12631544175029202,0.21758293083735875,0.18685835281919155
977,0.16466778393791678,0.12666649330392998,0.2194868911589895,0.18942920028098992
978,0.16264993376655928,0.12525978832663862,0.2189385033079556,0.1956519091102694
979,0.15792976358624958,0.1275780586477254,0.2146357285124915,0.19246948659420013
980,0.15990488564156888,0.13134427804097132,0.21485773197242192,0.1916410128186856
981,0.15808169266503866,0.1270413071377397,0.2115287755216871,0.18538006874067442
982,0.16349529582129713,0.13346738855329318,0.21887136314596448,0.19347006274121148
983,0.15878232656600508,0.12480608580820982,0.21151740444558007,0.19054689995412316
984,0.15462615067304677,0.12815260487288582,0.2184811572943415,0.19171837025455066
985,0.16204531540784942,0.12632738610659455,0.21582699162619454,0.18552237823605539
986,0.15743064033191176,0.12811965034001696,0.2167431177837508,0.18866101609809058
987,0.1615443708856939,0.12880012545528782,0.21254564193742617,0.19533843217151506
988,0.1594413765544309,0.13019185673542552,0.21281424122197287,0.18854173719217734
989,0.1638202596398279,0.12682758214520326,0.2155666138444628,0.18720377790076392
990,0.1556154811416814,0.1272957892818772,0.21506012614284242,0.1946152690531952
991,0.16019286550078038,0.12245483415985199,0.214914456648486,0.19888818711042405
992,0.15620089149728245,0.12378325039776164,0.21481487303972244,0.19034479845182173
993,0.15675678966085077,0.12951453533167429,0.21637539155781269,0.18621166524078164
994,0.15858483958888697,0.1235127788770613,0.21624176864113126,0.19228832232100623
995,0.1631436830666995,0.128961169835572,0.2224593458963292,0.1954207322959389
996,0.16876288399848238,0.133152317613072,0.21142578859414374,0.18933270669409208
997,0.15815222986819202,0.12537840356273597,0.21703339580978667,0.18907946539776666
998,0.15701559546284924,0.1256049179928701,0.21858353167772293,0.19261991206024373
999,0.1644906481605699,0.1300196658818116,0.21505323903901236,0.18885536098054478
1000,0.15843448854091086,0.1280687743191999,0.21719711316483362,0.19286580293306282
